Nome do serviço,Serviço,Ouvidoria,Total Geral
Fiscalização de estacionamento irregular de veículo,15683,487,16170
Remoção de entulho e bens inservíveis,9611,888,10499
Reparo de Luminária,5691,457,6148
"Reparo de buraco, deformação ou afundamento na pista",4515,238,4753
Fiscalização de perturbação do sossego,3048,254,3302
Remoção de resíduos no logradouro,2289,226,2515
Manutenção/Desobstrução de ramais de águas pluviais e ralos,2107,93,2200
Poda de árvore em logradouro,1774,192,1966
Controle de roedores e caramujos africanos,1885,13,1898
Reposição de tampão ou grelha,1740,95,1835
Fiscalização de má conduta do motorista/despachante,1699,7,1706
Varrição de logradouro,1484,147,1631
Jaé - Bilhetagem eletrônica,,1343,1343
Verificação de frequência irregular da coleta domiciliar com retirada do resíduo,1267,64,1331
Reparo de sinal de trânsito apagado,1044,24,1068
Capina em logradouro,804,89,893
Remoção de veículo abandonado em via pública,652,63,715
Verificação de ar condicionado inoperante no ônibus,681,12,693
Resgate de animais silvestres,658,1,659
Demora no agendamento da consulta médica - SISREG,,644,644
Fiscalização de obras em imóvel privado,600,31,631
Pessoas em situação de rua,,582,582
Vistoria técnica em situações de maus tratos de animais domésticos,503,54,557
Fiscalização de má condição do ônibus,512,18,530
Remoção de resíduos de poda,442,62,504
Fiscalização da ocupação de área pública,437,37,474
Comércio Ambulante,,437,437
"Fiscalização de alimentos, indústria de alimentos e estabelecimentos de ensino",407,29,436
Fiscalização de buraco na calçada,402,23,425
Remoção de árvore em logradouro,361,64,425
Fiscalização de obstáculo fixo na calçada,393,27,420
Solicitação de transporte da gestante para a maternidade,419,,419
Fiscalização de irregularidades em linha de ônibus,,403,403
Solicitação de correção de falhas e de cadastro no portal e app 1746,387,7,394
Atendimento da equipe da unidade - CF,,374,374
Limpeza urbana,,370,370
Avaliação de risco de queda da árvore,280,28,308
"Vistoria em foco de Aedes Aegypti (Dengue, Chikungunya e Zika)",261,21,282
Reparo de cabo de iluminação pública,266,11,277
Vistoria em imóvel com rachadura e infiltração,264,12,276
Direção escolar,,274,274
Limpeza de praças e parques,240,33,273
Fiscalização de atividades econômicas sem alvará,251,12,263
Demora no agendamento de exames - SISREG,,261,261
Reparo de buraco em calçada de Pedra Portuguesa,246,11,257
"Limpeza de papeleira, contêiner e caçamba da COMLURB",201,49,250
Vistoria em ameaça de desabamento de estrutura,213,19,232
Informação sobre Fiscalização de comércio ambulante,,229,229
Marcação de consulta - CF,,227,227
Clínicas da Família,,225,225
Limpeza de ralos,203,21,224
Efetividade do serviço - CF,,221,221
Solicitação de orientações sobre o alvará pela internet,203,17,220
Pedido de Acesso à Informação,,213,213
Demora no agendamento de procedimentos - SISREG,,209,209
Solicitação de manutenção de sinalização gráfica vertical viária,196,9,205
Vistoria Técnica/Preventiva - Defesa Civil,204,,204
Notificação ao proprietário para limpeza de resíduos em terreno baldio,183,19,202
Acesso à medicamentos,,197,197
Recurso de multa /1ª instância,,196,196
Atendimento da Unidade - HM,,192,192
Reparo de Manilha/Galeria de Águas Pluviais - Interno,180,10,190
Solicitação de balizamento de trânsito,178,11,189
Informação sobre instalação e retirada de caçamba da COMLURB para atendimento em comunidade,,188,188
Multas de trânsito,,184,184
Instalação e/ou retirada de papeleira,140,41,181
Reinstalação de ponto de luz,150,30,180
Orientações - SISREG,,172,172
Atendimento do Agente Comunitário de Saúde - CF,,162,162
Fiscalização de carros de som,126,32,158
Reparo de sinal de trânsito abalroado ou ausente ou virado,147,11,158
Qualidade das informações recebidas - CF,,155,155
Reparo de sinal de trânsito em amarelo piscante,149,5,154
Limpeza de vala de drenagem,142,8,150
Reparo de poste caído ou em risco de queda,137,9,146
Remoção de carcaça de veículo não identificável,137,6,143
"Fiscalização de corte, sacrifício de árvore ou remoção de vegetação",136,2,138
Fiscalização de falta de higiene em mercados e supermercados,131,6,137
Fiscalização do transporte complementar (Vans e Kombis),108,27,135
Atendimento do Médico - CF,,133,133
Fiscalização de fechamento de logradouro público,,128,128
"Remoção de cavalos, bois, porcos e cabras soltos ou gravemente feridos em via pública",125,,125
Reparo de sinal de trânsito travado,120,5,125
Adequação da equipe - HM,,120,120
Fiscalização de obras de concessionárias de serviços públicos,112,8,120
Elogio - Hospitais,,115,115
Atendimento da equipe da unidade - HM,,112,112
Hospitais,,108,108
Iluminação Pública - Implantação,,107,107
Novas linhas de ônibus,,107,107
Guarda Municipal,,104,104
Educação Especial,,103,103
Limpeza de ruas e avenidas,,102,102
 Fiscalização da atuação do guardador de estacionamento Rio Rotativo,69,32,101
"Manutenção de mobiliário, brinquedos e equipamentos esportivos em praças e parques públicos",61,40,101
Manutenção de sinalização gráfica horizontal viária,86,15,101
Questões administrativas - SMS,,101,101
Verificação de alteração de itinerário de ônibus,101,,101
Marcação de consulta - SCS,,98,98
Visita domiciliar - CF,,96,96
Reparo em equipamentos de poste de iluminação pública,90,4,94
Solicitação de plantio de árvore em área pública,90,4,94
Remoção de animais mortos no logradouro ,89,3,92
Solicitação de vacinação em domicilio,87,5,92
"Verificação de negligência com idoso, abandono ou autonegligência",88,3,91
Poda e remoção de árvore,,91,91
Adequação da equipe - CF,,90,90
"Vistoria em local com presença de insetos (mosquito, aranha ou lacraia)",87,3,90
Reparo de tampão ou poste danificado ou fora de prumo,84,3,87
Não atendimento - CF,,86,86
Reparo de calçada danificada por raiz,70,16,86
Remoção de toco e raiz (destoca),74,10,84
Saúde,,82,82
Conservação de vias,,80,80
Fiscalização de irregularidades em Táxi,70,9,79
Atendimento da equipe da unidade - PS,,78,78
Programação de sinal de trânsito  - revisão,,77,77
Limpeza de margens de rios,66,10,76
Dívida Ativa,,75,75
Solicitação de atendimento do Conselho Tutelar,69,1,70
Elogio - UPAs,,69,69
Acidentes com veículos ou equipamentos da COMLURB,,69,69
Fiscalização de serviços de embelezamento e atividades físicas,63,4,67
Coleta domiciliar,,65,65
Exames de Imagem - SCS,,64,64
Verificação de ocorrências no BRT - Transoeste,62,1,63
Remarcação de consulta - SCS,,60,60
Sistema Nacional de Regulação - SISREG,,59,59
Reparo de asfalto com afundamento,50,9,59
Conflitos educacionais,,58,58
Solicitação de Atendimento social,56,,56
Fiscalização de obras em terreno invadido em Áreas de Especial Interesse Social,43,11,54
Atendimento do Médico - HM,,53,53
Alvará / Estabelecimentos Irregulares,,53,53
"Fiscalização de outros estabelecimentos, exceto de alimentos, de saúde e veterinários",52,1,53
Rede estadual de saúde,,53,53
Remarcação de consulta - CF,,53,53
Defesa dos animais,,52,52
Atendimento em Ouvidoria - SME,,52,52
Marcação de consulta - PS,,52,52
Atendimento em intervenções cirúrgicas - SCS,,50,50
Fiscalização de Poluição do ar,42,8,50
Cobrança - IPTU,,49,49
Qualidade das informações recebidas - HM,,49,49
Solicitação ou remanejamento de ponto de ônibus,49,,49
Efetividade do serviço - PS,,48,48
Avaliação de cães e gatos suspeitos de raiva animal,46,2,48
Informações sobre matrícula na rede municipal - 2025,,48,48
Iluminação Pública - Reformulação,,48,48
Qualidade do Atendimento da Central 1746,,48,48
Servidor público - Educação,,48,48
Fiscalização - ITBI,,47,47
Exames Laboratoriais - CF,,46,46
Reparo em gradis e guarda-corpo de viadutos e pontes,41,5,46
RIOCARD - SMS,,45,45
Escola-conflito aluno/aluno,,44,44
Fiscalização de poluição sonora - Medição de ruído em empreendimento ambientalmente licenciável e pela GEM Rio Luz,41,3,44
Verificação de irregularidades na Bilhetagem Eletrônica / Bilhete único,23,21,44
Atendimento inadequado - SME,,43,43
Diversos-SME,,43,43
Vistoria em logradouros públicos ou privados para avaliação de gatos errantes com suspeita de Esporotricose,41,2,43
Tempo de espera - CF,,43,43
Captura para análise de morcegos caídos ou que atacaram pessoas e/ou animais,42,,42
Tempo de espera - HM,,42,42
Centros de Atenção Psicossocial - Saúde Mental,,41,41
Multa de trânsito paga/não recebida,40,1,41
Sinalização Vertical - implantação,,41,41
Transporte escolar municipal,,41,41
Reparo de luminária fora de posição,35,6,41
Verificação de ocorrências no BRT - Transbrasil,33,8,41
Fiscalização - ISS,,40,40
Reparo de poste ou tampão da Rioluz dando choque,34,6,40
Verificação de ocorrências no BRT - Transcarioca,39,1,40
Reparo de tampão de sinal de trânsito quebrado ou ausente e de cabos expostos de sinal de transito,37,3,40
Vistoria em desabamento de estrutura,39,1,40
Assistência veterinária,,39,39
"Fiscalização/Inspeção de feiras livres, feiras de artes, feiras especiais e feiras de ambulantes",38,1,39
Nota Carioca,,37,37
Instalação e manutenção de placas de identificação de rua,34,3,37
Ouvidoria CMTC,,37,37
Pinturas de sinalização no pavimento das ruas,,37,37
Retirada de caçamba particular cheia,35,2,37
Atendimento do Enfermeiro - CF,,36,36
Fiscalização de estabelecimentos de Serviços de Saúde,35,,35
"Solicitação de desinterdição do estabelecimento de alimentos, indústria de alimentos e ensino",35,,35
CRAS,,34,34
Marcação de consulta - HM,,34,34
Reparo de sinal de trânsito acendendo mais de uma cor ou com conflito de cores,34,,34
Relacionamento interpessoal - SMS,,34,34
Qualidade das informações recebidas - PS,,34,34
Aplicação de vacina no domicílio,,33,33
Agendamento CadÚnico Rio,,33,33
"Análise, orientação ou fiscalização de morcegos em instituições públicas ou privadas ",32,1,33
Conduta do Guarda Municipal,,33,33
Fiscalização de trânsito,,33,33
Insatisfação com o atendimento da Central 1746,33,,33
Fiscalização da exposição de publicidade,28,5,33
Manutenção de equipamentos das Academias da Terceira Idade (ATI),31,2,33
Má qualidade do serviço prestado - UPAs,,33,33
Qualidade da aula e aspectos pedagógicos,,33,33
Agendamento de consulta - Hospitais,,32,32
Fiscalização de estabelecimento com descarte irregular do lixo extraordinário e/ou infectante,28,3,31
Verificação de ocorrências nas bilheterias do BRT - Transoeste,18,13,31
Vacinação,,31,31
Processos administrativos - SME,,31,31
Alvará ,,30,30
Cirurgia - HM,,29,29
Cadastramento - CF,,29,29
Obras particulares,,29,29
Fiscalização de obras sem licença de expansão de comunidade,22,7,29
Radar - Implantação ,,29,29
Semáforos - Programação,,29,29
Poluição hídrica ou da água,29,,29
Solicitação de operação de trânsito para melhoria da fluidez,27,2,29
Censo Previdenciário,,28,28
Notificação de Casos de Intolerância Étnico-Racial,27,1,28
Ouvidoria RioSaúde,,28,28
Escola-conflito professor/aluno,,27,27
Exames de Imagem - CF,,27,27
Solicitação da gravação do atendimento 1746,27,,27
Reparação pós-destoca,21,6,27
Atendimento do Técnico de Enfermagem - HM,,26,26
Diversos assuntos - Hospitais,,26,26
Instalação/ Remoção/ Manutenção de placa com nome de rua,26,,26
Fiscalização de obras de urbanização em andamento,23,3,26
Exames de Imagem - HM,,26,26
Fiscalização de banca de jornal,25,1,26
Verificação de frequência irregular de coleta seletiva,26,,26
Atendimento domiciliar para vacinação antirrábica animal ,24,1,25
Fiscalização dos serviços de esgoto da Zona Oeste Mais Saneamento ,22,3,25
Fiscalização  de estabelecimentos de Serviços de Saúde,25,,25
Fiscalização de desmatamento,25,,25
Postos de Saúde - PS,,25,25
Retirada ou adequação de quebra-molas (após avaliação favorável da CET-RIO),21,4,25
"Vistoria em ameaça de deslizamento de barreira, encosta, talude",23,2,25
Antecipação de consulta médica - SISREG,,24,24
Atendimento do Médico - PS,,24,24
Cartão Bolsa Família,,24,24
Má qualidade do serviço prestado - CERs,,24,24
Fiscalização de danos ao patrimônio público,22,2,24
Gerência operacional - ITBI,,24,24
Ponto de ônibus,,24,24
Acumuladores de resíduos em residência,,23,23
Atendimento do Farmacêutico - CF,,23,23
Implantação - quebra-mola,,23,23
Limpeza de praias,19,4,23
Vistoria pós-incêndio,23,,23
"Análise, orientação ou fiscalização de pombos em instituições públicas ou privadas",22,,22
Coleta seletiva,,22,22
Sinalização Horizontal - implantação,,22,22
Pecúlio - benefício,,22,22
Controle cadastral - IPTU,,21,21
Atendimento do Cirurgião dentista - CF,,21,21
Carência de professor II,,21,21
Gratuidade de transporte,,21,21
Notificação de falta de água ou luz,20,1,21
Atendimento - IPTU,,20,20
Informação solicitada - CLF,,20,20
Procuradoria da Dívida Ativa,,20,20
Atendimento da equipe da unidade - SCS,,19,19
Atendimento da equipe da unidade - CAPS,,19,19
Chamado incompleto,,19,19
Defesa do Consumidor,,19,19
Benefícios Post-Mortem,,19,19
Diversos - CERs,,19,19
Fumacê,,19,19
Manutenção - escola,,19,19
Semáforos - Manutenção,,19,19
Patrulhamento de espaços públicos,,19,19
Recapeamentos e capeamentos asfálticos,,19,19
Cadastro - ISS,,18,18
Infraestrutura escolar,,18,18
Matrícula em creche,,18,18
"Fiscalização de caça, captura, cativeiro e/ou comercio de animais silvestres",18,,18
Programas de saúde,,18,18
Proibição de estacionamento,,18,18
Cobrança - ISS,,17,17
Alimentação escolar,,17,17
Diversos – UPAs,,17,17
Conservação de calçadas,,17,17
Não atendimento - PS,,17,17
"Fiscalização de criações de cães, gatos, cavalos, bois, porcos, cabras e aves para fins comerciais",16,1,17
Eventos de conciliação do Procon Carioca - verificação de descumprimento de acordo,15,2,17
"Informações sobre obras de reparo, canalização ou limpeza de rio, canal ou valão",,17,17
Multa de trânsito - Auto de infração,,17,17
Verificação de ocorrências no BRT - Transolímpica,17,,17
Processos administrativos - Comlurb,,17,17
Ambiência da Unidade - HM,,16,16
Atendimento do Agente Comunitário de Saúde - PS,,16,16
Atendimento do Enfermeiro - HM,,16,16
Auxílio funeral,,16,16
Manutenção/Remoção de abrigo de ônibus com ou sem publicidade,15,1,16
Fiscalização de ocupação por atividade irregular em áreas ambientalmente protegidas,15,1,16
Informação solicitada - DEFESA CIVIL,,16,16
Reparo de rampa de acesso em vias públicas,15,1,16
Semáforos - Implantação,,16,16
Adequação da equipe - PS,,15,15
Demora no atendimento - UPAs,,15,15
Demora no atendimento- CERs,,15,15
Atendimento do Administrativo - HM,,15,15
Atendimento do Médico - SCS,,15,15
Fiscalização de estabelecimentos veterinários e de interesse à saúde do animal,13,2,15
Informações sobre ações de ordenamento urbano,,15,15
"Previ-Rio (servidores aposentados, ativos, dependentes e pensionistas)",,15,15
"Conservação e manutenção de passarelas, viadutos, pontes e túneis revestidos",12,2,14
Atendimento do Técnico de Enfermagem - CF,,14,14
Abrigo,,14,14
Desinterdição de serviços de embelezamento e atividades físicas e serviços de saúde,14,,14
Abrigo de ônibus - Instalação,,14,14
Licença Médica até 90 dias,,14,14
Mau atendimento profissional - Hospitais,,14,14
Guarda Municipal / GM-Rio,,14,14
Frequência do profissional - CF,,14,14
Servidor público,,14,14
Programa de Atenção Domiciliar do Idoso – PADI,,14,14
Transferência de escola,,14,14
Vistoria em queda de revestimento externo ,13,1,14
Creche conveniada,,13,13
Atendimento do Médico - CER,,13,13
Andamento da Solicitação aberta no Procon Carioca,12,1,13
Instalação de rampa de acesso em vias públicas,13,,13
Insumos e materiais - CF,,13,13
Esporte e lazer,,13,13
Operação Caça Fios e furto de equipamentos,,13,13
Tempo de espera - PS,,13,13
Solicitação de retirada de banheiro químico,12,1,13
Questões sobre transporte - SMS,,13,13
Vistoria em queda de muro de arrimo/contenção,12,1,13
Contracheque - inativos,,12,12
Atendimento da equipe de vacinação,,12,12
Cirurgias - Hospitais,,12,12
Auxílio medicamento,,12,12
Informação solicitada - PREVI-RIO,,12,12
IPTU / Nota Carioca/ISS / ITBI,,12,12
"Implantação de equipamentos de lazer em parques, praças e áreas verdes da cidade",12,,12
Fiscalização de obras em comunidades,10,2,12
Remarcação de consulta - PS,,12,12
Orientações sobre vacinação,,12,12
Super Centro Carioca de Saúde,,12,12
Terceira Idade,,12,12
Problemas nas unidades executantes - SISREG,,12,12
Ambiência da Unidade - PS,,11,11
Ambiência da Unidade - CF,,11,11
Equipamentos da clínica conveniada,,11,11
Benefícios Temporários da Assistência Social,,11,11
Atendimento do Educador Físico/Programa Academia Carioca - CF,,11,11
Alteração de itinerário,,11,11
Fiscalização de drenagem irregular,8,3,11
Instalação de rampa - Seconserva,11,,11
Matrícula em escola,,11,11
Merenda - escola,,11,11
Falta de regionalização - SISREG,,11,11
Solicitação de exclusão de cadastro na Central 1746,11,,11
Atendimento da equipe da unidade - CER,,10,10
Autorização para fechamento de logradouro público,,10,10
Descarte de lixo extraordinário e/ou infectante,3,7,10
Conservação e manutenção de monumentos e chafarizes,10,,10
Concursos públicos,,10,10
Assistência Social,,10,10
Fora do âmbito municipal - SEOP,,10,10
Insumos e materiais - HM,,10,10
Informação solicitada - SECONSERVA,,10,10
Informação solicitada - SME,,10,10
Outros exames - CF,,10,10
Qualidade das informações recebidas - SCS,,10,10
Vistoria em ponto de apoio,10,,10
Solicitação de reforma de jardins de praças ou de canteiros centrais,9,1,10
Renivelamento de tampão e grelha,10,,10
Outros - ITBI,,10,10
"Vistoria em deslizamento de barreira, encosta, talude",10,,10
Verificação de ocorrências nas bilheterias do BRT - Transbrasil,5,5,10
Vias Expressas - Operações,,10,10
Recurso contra negativa ou omissão de Acesso à Informação,,10,10
Apuração de denúncias de corrupção e/ou improbidade administrativa,,9,9
Ensino especial,,9,9
Elogio - CERs,,9,9
Escola-conflito diretor/responsável,,9,9
Concurso Público - RioSaúde,,9,9
Atendimento do Gerente/Diretor - CF,,9,9
Habitação,,9,9
Informação sobre notificação para remoção de resíduos de obra de órgãos públicos e de particulares,,9,9
Informação solicitada - SMDEIS,,9,9
Informações - Inativos,,9,9
Inspetores e Administrativos escolares,,9,9
Falta do professor II,,9,9
Placas de trânsito,,9,9
Verificação de estado de conservação das estações do BRT - Transbrasil,7,2,9
Pecúlio - processo,,9,9
Verificação de achados e perdidos (táxi),9,,9
Sinalização - quebra-mola,,9,9
Rede federal de saúde,,9,9
Recadastramento - Inativos,,9,9
Parques e jardins,,9,9
Atendimento sobre os direitos do consumidor,8,,8
BRT Seguro,,8,8
"Bares, restaurantes, lanchonetes, quiosques, outros",,8,8
Desvios e Interdições,,8,8
Captura para análise de macacos ou micos achados mortos,8,,8
Benefícios do servidor - SME,,8,8
Atendimento do Administrativo - CF,,8,8
Disponibilidade de vagas - HM,,8,8
Equipamentos - CF,,8,8
Não atendimento - CAPS,,8,8
Obras e Infraestrutura,,8,8
Fiscalização da ocupação de área pública por mercadorias ,8,,8
Fiscalização do atendimento prestado pela Zona Oeste Mais Saneamento,8,,8
Intervalo acima do normal - ônibus,,8,8
Escola-conflito professor/responsável,,8,8
Processos administrativos - Seconserva,,8,8
PNE (Portador de Necessidade Especial) - estacionamento,,8,8
"Vistoria em queda de escada de acesso, passarela, ponte, grade de proteção, guarda-corpo e viaduto",7,1,8
Vistoria em queda de revestimento interno,7,1,8
Pensão - benefício,,8,8
Sinalização Vertical e Horizontal,,8,8
Problemas de exames e procedimentos internos - Hospitais,,8,8
Verificação de ocorrências na conexão BRT,6,2,8
Qualidade do Atendimento nas Agências Cad-Rio,,8,8
Qualidade das informações sobre medicamentos,,8,8
Creche-conflito diretor/responsável,,7,7
Coordenação das ouvidorias,,7,7
Certidão de tempo de contribuição,,7,7
Carga e Descarga - solicitação,,7,7
Efetividade do serviço das clínicas conveniadas,,7,7
Defesa civil,,7,7
Não atendimento - UPAs,,7,7
Fiscalização do Transporte de Fretamento,7,,7
Informações sobre concurso da RioSaúde,,7,7
Obras e projetos viários,,7,7
Fiscalização de irregularidades em cemitérios e serviços funerários,5,2,7
Informações - Benefícios/Auxílios,,7,7
Exames Laboratoriais - PS,,7,7
Iluminação pública,,7,7
Isenção de Imposto de Renda - inativos,,7,7
Licenciamento Táxi,,7,7
Verificação de estado de conservação das estações do BRT - Transoeste,6,1,7
Solicitação de serviços para os povos e comunidades tradicionais,7,,7
Verificação de ocorrências nas bilheterias do BRT - Transolímpica,7,,7
Visita domiciliar - PS,,7,7
Processos,,7,7
Posturas Municipais - obstáculos na calçada,,7,7
Territorialização - CF,,7,7
Reparo de equipamentos de fiscalização eletrônica,5,2,7
Escola-conflito diretor/professor,,6,6
Carência de funcionário - SME,,6,6
Carência de profissional - UPAs,,6,6
Empréstimo consignado - inativo,,6,6
Cartão Família Carioca,,6,6
Atendimento da equipe da clínica conveniada,,6,6
Adequação da classificação de risco - HM,,6,6
Atendimento do Enfermeiro - PS,,6,6
Atendimento do Educador Físico/Programa Academia Carioca - PS,,6,6
Cadastramento - PS,,6,6
Desenvolvimento Econômico e Inovação,,6,6
Fiscalização da ocupação de área pública por mesas e cadeiras ,6,,6
Licença / DARM,,6,6
Meio ambiente,,6,6
Marcação de consulta - CAPS,,6,6
Liberação de veículos rebocados em via pública,,6,6
Informação solicitada - SMF,,6,6
Não atendimento – Vacinas,,6,6
Fiscalização de plantio recente de árvore em logradouro público,5,1,6
Unidades de Pronto Atendimento - UPAS,,6,6
Verificação de ocorrências nas bilheterias do BRT - Transcarioca,6,,6
Perícia médica,,6,6
Redução de carga horária do servidor,,6,6
Transferência - CERs,,6,6
Reparo de bloco de lâmpadas apagadas ,6,,6
Outros exames - SCS,,6,6
Pagamento de proventos - inativo,,6,6
"Análise, orientação ou fiscalização de casos de animais peçonhentos ou venenosos",5,,5
Atendimento do Médico - CAPS,,5,5
"Desinterdição de Mercado, Supermercado e Industria Agropecuária",5,,5
Escassez de ônibus,,5,5
Atendimento do Enfermeiro - CER,,5,5
CREAS,,5,5
Clínicas conveniadas,,5,5
Atendimento do Gerente/Diretor - CAPS,,5,5
Cartão de Estacionamento para Deficiente,,5,5
Diversos-SMDEIS,,5,5
Carência de professor I - matemática,,5,5
Análises Técnicas - Patrimônio Imobiliário,,5,5
Efetividade do serviço - SCS,,5,5
Escola-conflito diretor/aluno,,5,5
Dados e informações sobre a cidade ,,5,5
Licença médica do professor,,5,5
Obras públicas - SMI,,5,5
Falta/ausência do profissional - Hospitais,,5,5
Fiscalização de poluição do solo,5,,5
Implantação de estacionamento para Idosos,,5,5
Informação solicitada - CCU,,5,5
Fora do âmbito municipal - Comlurb,,5,5
Núcleo de Apoio à Saúde da Família (NASF) - CF,,5,5
Implantação de estacionamento para veículos,,5,5
IplanRio - Empresa Municipal de Informática,,5,5
Falta de informação sobre o paciente - Hospitais,,5,5
Medicamentos,,5,5
Fiscalização de marquises e estruturas,5,,5
Notificação de Intolerância religiosa,5,,5
Fiscalização de pesca predatória,5,,5
Reparo de píer de madeira,5,,5
Vistoria Táxi,,5,5
Tempo de espera - CER,,5,5
Suporte Técnico às Plataformas MultiRio,5,,5
Violência no entorno da escola,,5,5
Verificação de estado de conservação das estações do BRT - Transcarioca,5,,5
Remanejamento de ponto de ônibus,,5,5
Políticas e Promoção da Mulher,,5,5
Previ-Educação,,5,5
Solicitação de ponto - ônibus,,5,5
Projetos / Programas - Educação,,5,5
Readaptação do servidor,,5,5
Orientação para infestação de pombos.,,5,5
Orientação para casos de morcegos,,5,5
Questões Trabalhistas - RioSaúde,,5,5
Diversos-SMF,,4,4
Conservação de praças e parques municipais,,4,4
"Ambulantes, Feirantes e Veículos de Transporte",,4,4
Câmeras - implantação / posicionamento,,4,4
Certidão - processo,,4,4
Atendimento do Cirurgião Dentista - HM,,4,4
Casa Carioca,,4,4
Conselho Tutelar,,4,4
Carência de profissional  - CERs,,4,4
Avanço de sinal - Implantação,,4,4
Diversos-SMPDA,,4,4
Avaliação de surto por doença transmitida por alimentos e água,4,,4
"Atualização, 2ª via, extravio, falta da caderneta do adulto/idoso",,4,4
Emissão de boleto para quitação de financiamento - Rio-Urbe,4,,4
Atendimento do Técnico de Enfermagem - PS,,4,4
Diversos-SMC,,4,4
Análise de cães com suspeita de Leishmaniose,4,,4
Atendimento do Médico - UPAs,,4,4
Cultura,,4,4
Informações sobre fiscalização de instalações de exaustão mecânica de cozinha industrial,,4,4
Merenda - creche,,4,4
Insatisfação com as normas do hospital - Hospitais,,4,4
Manutenção de relógio digital,4,,4
Implantação de estacionamento para motos,,4,4
Não atendimento - SCS,,4,4
"Fiscalização de aterro, terraplanagem ou extração mineral irregular",3,1,4
Informação solicitada - SUBSC,,4,4
Implantação de Iluminação Pública,4,,4
"Fiscalização de obras em passarelas, viadutos, pontes e túneis revestidos",3,1,4
Implantação de estacionamento para pessoas com deficiência,,4,4
Guias/certidões - PGM,,4,4
Informações sobre fiscalização de irregularidades em linhas de ônibus,,4,4
Obras particulares - licença,,4,4
Garantia dia letivo,,4,4
Instalação de banheiros públicos,4,,4
Tempo de espera - SCS,,4,4
Solicitação de prontuário - HM,,4,4
Participação da Defesa Civil em Eventos,4,,4
Servidor público - Saúde,,4,4
Verificação da má conservação das estações BRT,4,,4
Vistoria em ameaça de rolamento de pedra,4,,4
Patrulhamentos em logradouros,,4,4
Regulamentação de estacionamento,,4,4
Parcelamento - PGM,,4,4
Prefeito,,4,4
Retirada de linha de ônibus,,4,4
Pensão - processo,,4,4
Pessoas com Deficiência / Crianças especiais,,4,4
Diversos-CCPAR,,3,3
Adequação - quebra-mola,,3,3
Equipamentos - PS,,3,3
Equipamentos - HM,,3,3
Diversos-CLF,,3,3
Atendimento do Cirurgião Dentista - SCS,,3,3
Coordenações de Emergência Regional - CER,,3,3
Atendimento do Cirurgião Dentista - PS,,3,3
Conduta do agente de ordem pública,,3,3
Calendário vacinal e protocolo,,3,3
Desconto em Folha - inativos,,3,3
Atendimento do Auxiliar/Técnico de Saúde Bucal - CF,,3,3
Atendimento agendado para serviços de IPTU e TCL por Videoconferência ,,3,3
Creche-conflito recreador/criança,,3,3
Aplicativo-1746,,3,3
Correção de dados de uma guia de ITBI paga (folha suplementar),,3,3
Concurso - SME,,3,3
Atendimento do Administrativo - SCS,,3,3
Cartão de Estacionamento de Idoso,,3,3
Atendimento do Administrativo - PS,,3,3
Adequação da equipe - CAPS,,3,3
Atuação de agente de trânsito,,3,3
Atendimento negado - UPAs,,3,3
Diversos-SMPD,,3,3
Falta do professor I - educação artística,,3,3
Informática educativa,,3,3
Informações sobre Implantação de coleta seletiva,,3,3
Guarda Municipal / Fiscalização de trânsito,,3,3
Fiscalização - IPTU,,3,3
Mandado judicial - SMS,,3,3
"Informações sobre cursos, palestras e treinamentos da Vigilância Sanitária",,3,3
"Fiscalização de fumo em outros estabelecimentos, exceto Saúde, Alimentos e Ensino, Mercados, Supermercados e Agroindústrias",3,,3
Informação solicitada - SMAC,,3,3
Multa de trânsito - verificação da troca de real infrator,3,,3
Informações sobre o Censo Previdenciário,,3,3
Insumos e materiais - PS,,3,3
Farmácia e drogarias,,3,3
Informação solicitada - IPLANRIO,,3,3
Falta de informação sobre o paciente - UPAs,,3,3
Informação de tráfego,,3,3
Exames de saúde - CERs,,3,3
Fora do âmbito municipal - SME,,3,3
Lâmpada apagada,,3,3
Estabelecimentos de embelezamento e atividades físicas,,3,3
Fiscalização das instalações de sistemas de ar condicionado,3,,3
Ônibus especial - SME,,3,3
Veracidade de atestado médico - SMS,,3,3
Reparos de equipamentos de fiscalização eletrônica,,3,3
Retirada - quebra-mola,,3,3
Uniforme escolar,,3,3
Reparos de sistema de drenagem,,3,3
Restaurantes Populares,,3,3
Turismo,,3,3
Teste do sistema de alerta e alarme,3,,3
Tapa-Buraco,,3,3
Portal Minhasaude.rio,,3,3
Relacionamento Interpessoal - RioSaúde,,3,3
Pagamento de Pensão,,3,3
Previ-Creche,,3,3
Ouvidoria - IVISA,,3,3
Regularização de escola,,3,3
Órteses e próteses,,3,3
Transferência - UPAs,,3,3
Transferência de turno,,3,3
"Transporte Especial Complementar, Van e Cabritinho",,3,3
"Ônibus, Táxis e Mototáxis",,3,3
Diversos-SMAC,,2,2
Enchentes e saneamento - Rio-Águas,,2,2
Carência de professor I - geografia,,2,2
Atendimento do Administrativo - CER,,2,2
Enchentes e saneamento,,2,2
Atendimento a reações adversas à vacinação antirrábica animal,2,,2
Conservação de cemitérios e serviços funerários,,2,2
Atendimento - Subprefeitura,,2,2
Avaliação para remoção ou adequação de quebra-molas existente,,2,2
"Desinterdição de Outros Estabelecimentos – exceto de Alimentos, de Saúde e Veterinários",2,,2
Alteração de fluxo,,2,2
Desconto - planos de saúde,,2,2
Adiantamento do 13º salário - inativo,,2,2
Atendimento do Enfermeiro – CAPS,,2,2
Auxílio Habitacional Temporário,,2,2
Diversos-1746,,2,2
Auxílio natalidade - benefício,,2,2
Ciclovia - planejamento,,2,2
Criação de novas linhas - ônibus,,2,2
Empréstimo consignado - pensionista,,2,2
Enfiteuse,,2,2
Atendimento do Técnico de Enfermagem - CAPS,,2,2
Atendimento do Farmacêutico - UPAs,,2,2
Animais soltos na rua - CCZ,,2,2
"Atualização, 2ª via, extravio, falta da caderneta de vacinação da criança",,2,2
Cartão de estacionamento para pessoas com deficiência – PcD,,2,2
Comprovante de Rendimentos - planos de saúde,,2,2
Encerramento de Folha - processo,,2,2
Cartão RIOCARD - SME,,2,2
Embarque e desembarque,,2,2
Danos veículo rebocado,,2,2
Atendimento da equipe da unidade - UPAs,,2,2
Equipamentos - CAPS,,2,2
Acidente com aluno,,2,2
Dados incompletos - SMTR,,2,2
Carga e Descarga - regulamentação,,2,2
Diversos-CGC,,2,2
Ação Integrada - Subprefeitura,,2,2
Contratos - RioSaúde ,,2,2
Contracheque - pensionistas,,2,2
Atendimento negado - CERs,,2,2
Diversos-RIO-ÁGUAS,,2,2
Escola-conflito funcionário/responsável,,2,2
Imposto de Renda - inativos,,2,2
Informações sobre Dívida Ativa,,2,2
Legislação - IPTU,,2,2
Informação solicitada - SUBEL,,2,2
Liberação de mercadorias apreendidas,,2,2
"Fiscalização de Agroindústrias: de fabricação de produtos de origem animal ou abate, ou fiscalização de cervejas caseiras",1,1,2
Falta de medicamentos - UPAs,,2,2
Obras irregulares em área formal,,2,2
Exames Laboratoriais - HM,,2,2
"Minha Casa, Minha Vida",,2,2
Exames de imagem - PS,,2,2
Fiscalização do Transporte Escolar,2,,2
Fiscalização de árvore plantada inadequadamente em logradouro público,2,,2
Implantação de praças,2,,2
"Mercados, supermercados e hortifrutis",,2,2
Fornecedores de medicamentos,,2,2
Estágio Forense,,2,2
Mesas e cadeiras nas calçadas,,2,2
Luminária fora de posição,,2,2
Gotejamento de ar condicionado em área pública,,2,2
Informações sobre licenciamento economia sobre rodas - Truck Rio,,2,2
Informação de obras de urbanização de vias públicas,,2,2
Nota Carioca – Denúncia de não emissão da nota,,2,2
Fiscalização de obras em comunidade ,2,,2
Informações sobre Herança Jacente,,2,2
Fora do âmbito municipal - Rioluz,,2,2
Maus tratos-crueldade com animais,,2,2
Informação solicitada - SMTR,,2,2
Legislação - ITBI,,2,2
Informações sobre Dados Georreferenciados que constam no Data.rio,,2,2
Motos - estacionamento,,2,2
Inspeção da Divisão de Vigilância em Saúde,,2,2
Obras públicas / Habitação,,2,2
Solicitação de orientação do COMDEF-RIO,2,,2
Patrulhamentos em praias,,2,2
Sistema municipal de saneamento,,2,2
Vistoria em ameaça de estrutura ou imóvel,2,,2
Outros exames - HM,,2,2
Sugestão - SMTR,,2,2
Vacinação para Influenza,,2,2
Protetor de animais,,2,2
Pedido de emprego - SMTE,,2,2
Projetos - Subprefeitura,,2,2
Transportes,,2,2
Servidor Público - SUBSC,,2,2
Outros - ISS,,2,2
Programa de Saúde Bucal,,2,2
Testagem de doenças,,2,2
Programa Cegonha Carioca,,2,2
Suporte CONECTE-SUS – Rio,,2,2
Processos da SMDEIS,,2,2
Pensões judiciais - SUBSC,,2,2
Processos administrativos - SMTR,,2,2
Visto fiscal - SMF,,2,2
Transporte fretado,,2,2
Radar - sinalização,,2,2
Previ-moradia,,2,2
Outros exames - PS,,2,2
Vigilância sanitária,,2,2
Rio Rotativo - Normas de utilização,,2,2
Testagem de pessoas com sintomas gripais/Coronavírus,,2,2
Tempo de espera da clínica conveniada,,2,2
Vistoria em imóvel apresentando trepidação,2,,2
Rede particular de saúde,,2,2
Orientação ao trabalhador - SMTE,,2,2
Documentação escolar,,1,1
Documentos - ASSIM,,1,1
Enturmação de alunos,,1,1
Avaliações Técnicas - SMF,,1,1
Cadastro de inativos,,1,1
Centro Municipal de Referência da Pessoa com Deficiência Vila Isabel,,1,1
Carência de professor I - língua estrangeira,,1,1
Centro Municipal de Referência da Pessoa com Deficiência Santa Cruz,,1,1
Controladores - conduta,,1,1
Central de atendimento Previ-Rio - sugestão,,1,1
Câmeras - imagens,,1,1
Escola-conflito diretor/funcionário,,1,1
Ciclovia - sinalização,,1,1
CEDAE - obra,,1,1
Bancas de jornal,,1,1
Conservação de monumentos e chafarizes,,1,1
Carência de professor I - educação física,,1,1
Conservação de ciclovias,,1,1
Deformação no pavimento,,1,1
Descontos - pagamentos SUBSC,,1,1
Alteração no nome do proprietário no cadastro do IPTU,,1,1
Criação de novas linhas de ônibus,1,,1
Água para consumo,,1,1
Auto de Infração (multa eletrônica),,1,1
Cadastro de pensionistas,,1,1
Aumento salarial - SUBSC,,1,1
Contrapartida - legalização de obra,,1,1
Auditorias / Contas públicas,,1,1
Boleto Bancário - previdência,,1,1
Desconto em folha de servidor aposentado ,,1,1
Débitos - benefícios,,1,1
Creche-conflito recreador/responsável,,1,1
Escola-conflito funcionário/aluno,,1,1
Encostas/Taludes em áreas públicas,,1,1
Direitos do servidor da SMS,,1,1
Atraso de pagamento de prestadores,,1,1
Ambiência da Unidade - SCS,,1,1
Carnaval - informações,,1,1
Devolução de processo - COMPREV,,1,1
Atendimento - Patrimônio Imobiliário,,1,1
Ambiência da Unidade - CAPS,,1,1
Carioca Digital - IplanRio,,1,1
Câmeras - manutenção,,1,1
Elogio - SMTR,,1,1
Atendimento do Gerente/Diretor - PS,,1,1
Atendimento nas Região Administrativa,,1,1
Atendimento do Gerente/Diretor - CER,,1,1
Árvores - Plantio,,1,1
Agente experiente,,1,1
Diversos - RioSaúde,,1,1
Contratação de pessoal - SMS,,1,1
Efetividade do serviço - CER,,1,1
Adiantamento de 13º salário - processo,,1,1
Efetividade do serviço - CAPS,,1,1
Cadastro - PreviRio,,1,1
Aplicação da Lei de Acesso à Informação,,1,1
Contracheque de servidor inativo e pensionista,,1,1
Concessão de Alvará Transitório para realização de eventos,,1,1
Desobstrução de bueiros (após vistoria da SMS),1,,1
Animal doente ou ferido - CCZ,,1,1
Acumulação de cargos - SUBSC,,1,1
Atendimento do Técnico de Enfermagem - SCS,,1,1
Certidão de tempo de serviço e contribuição como servidor municipal (CTC),,1,1
Demora no atendimento - Hospitais,,1,1
Emissão de documentos para servidor - SMS,,1,1
Carência de professor I - português,,1,1
Baixa de multa / DETRAN,,1,1
Comércio ambulante irregular - GM-Rio,,1,1
Atendimento do Técnico de Enfermagem - CER,,1,1
Carência de profissional - Hospitais,,1,1
Exames  Laboratoriais - SCS,,1,1
Informações sobre o programa Adote.Rio,,1,1
Informação solicitada - Rio Urbe,,1,1
Fiscalização de obras de concessionárias,,1,1
Informação solicitada - 1746,,1,1
Informações sobre Esclarecimento de dúvidas sobre a aplicação da legislação vigente nos diversos Bairros Cariocas,,1,1
Estacionamento irregular,,1,1
Não atendimento - CER,,1,1
Informação solicitada - IVISA,,1,1
Informações sobre desapropriação de imóvel,,1,1
Falta de materiais - Hospitais,,1,1
Livro didático,,1,1
Informação sobre Implantação de coleta domiciliar,,1,1
Implantação de área de estacionamento de curta duração,,1,1
Estágio obrigatório - SMS,,1,1
Material - escola,,1,1
Esporotricose - IVISA,,1,1
Fiscalização de gotejamento de ar condicionado em área pública,1,,1
Fauna Silvestre - danos,,1,1
Imóveis municipais,,1,1
Falta do professor I - matemática,,1,1
Informações sobre consulta e estorno de pagamento de benefícios / auxílios,,1,1
Informações sobre o Plano de Saúde do Servidor Municipal - PSSM,,1,1
Marquises -  SMDEIS,,1,1
Obras de drenagem - aprovação,,1,1
Fiscalização de eventos com exposição de animais,1,,1
Núcleo de Apoio à Saúde da Família (NASF) - PS,,1,1
Informações sobre autorização para mesas e cadeiras em área pública,,1,1
Informações sobre inscrição e atualização do Cadastro Único,,1,1
Idoso - sinalização de estacionamento,,1,1
Esterilização de animais,,1,1
Idoso - implantação de estacionamento,,1,1
Insumos e materiais - SCS,,1,1
Informações sobre autorização de início de obra de drenagem urbana - AIO,,1,1
Imposto de renda,,1,1
Leilão de veículos rebocados,,1,1
Escola-conflito professor/professor,,1,1
Informações gerais - Plano de Saúde,,1,1
Informações sobre pagamento do IPTU ,,1,1
Informações - Pensionistas,,1,1
Isenção de Imposto de Renda,,1,1
Leilão - PGM,,1,1
Informações sobre o tratamento de dados pessoais pela Prefeitura da Cidade do Rio de Janeiro,1,,1
Informações - Financiamento Imobiliário,,1,1
Informação solicitada - FPJ,,1,1
Obras irregulares - SMU,,1,1
Falta de prestador - SISREG,,1,1
Legislação - ISS,,1,1
Falta de medicamentos - Hospitais,,1,1
Gestão-SMF,,1,1
Informação solicitada - CETRIO,,1,1
Medicamentos fora de relação (REMUME),,1,1
Falta de informação sobre o paciente - CERs,,1,1
Manutenção de banheiros públicos,1,,1
Informações sobre mudança na localização de poste na calçada,,1,1
Gabinete do Procurador Geral,,1,1
Informação sobre implantação de varrição,,1,1
Informação solicitada - SMPDA,,1,1
Licenciamento de instalações de ar condicionado e de exaustão de cozinha industrial,,1,1
Informação solicitada - SMPD,,1,1
Fiscalização de obras em prédios públicos - Rio-Urbe,1,,1
Multas de trânsito da Guarda Municipal,,1,1
Integração e Desenvolvimento Comunitário,,1,1
Fiscalização de abrigos para idosos (casas de repouso) por relatos de maus tratos,1,,1
Estágio probatório - SME,,1,1
Isenção de Imposto de Renda - pensionistas,,1,1
Estágio não obrigatório - bolsistas SMS,,1,1
Manutenção - creche,,1,1
Estágio / Pesquisa,,1,1
Informação solicitada - SMC,,1,1
Estação BRT,,1,1
Informações sobre Vistoria Veicular e Atualização Documental - Táxi,,1,1
Licenciamento ambiental,,1,1
Fora do âmbito da Prefeitura,,1,1
Obras nas unidades de saúde,,1,1
Informações sobre prática irregular de esportes em área pública,,1,1
Informações sobre fiscalização das instalações de aparelhos de transporte,,1,1
Informação solicitada - RIOLUZ,,1,1
Informação solicitada - PROCON,,1,1
Rachaduras - Defesa Civil,,1,1
Prestadoras de serviços terceirizados - RioSaúde,,1,1
Solicitação de agilização de processo no Previ-Rio,,1,1
Posturas Municipais - ocupação indevida de logradouros,,1,1
Servidor - IJV,,1,1
Vans - processos administrativos,,1,1
Urbanização de Praças,,1,1
Programas Setoriais,1,,1
Reversão de aposentadoria - inativo,,1,1
Porto Maravilha,,1,1
Prática irregular de esportes em área pública,,1,1
Reparo de lâmpada piscando,1,,1
SAC - IPTU,,1,1
Portal - 1746,,1,1
Sinalização Vertical - manutenção,,1,1
Portabilidade Bancária - inativo,,1,1
Trabalho e emprego,,1,1
Verificação de estado de conservação das estações do BRT - Transolímpica ,1,,1
Veículos de serviço - CET-RIO,,1,1
STPL - SMTR,,1,1
Outros - IPTU,,1,1
Ordem Pública,,1,1
Solicitação de ponto final de ônibus,1,,1
Recursos Humanos - SECONSERVA,,1,1
Reparo de rede partida,1,,1
Verificação do aumento de tarifa modal,1,,1
Reposição de grelhas e tampões GAP,,1,1
Recursos humanos,,1,1
Taxas - SMF,,1,1
Verificação de desrespeito à gratuidade,1,,1
Solicitação de desinterdição de estabelecimentos onde haja fabricação de produtos de origem animal ou abate,1,,1
Solicitação de guia de ITBI / simulação de valor de ITBI,,1,1
Questões sobre insumos – fora do âmbito municipal SMS,,1,1
Solicitação de palestras da Secretaria de Proteção e Defesa dos Animais,1,,1
Serviço de Inspeção Municipal,,1,1
Pessoas desaparecidas,,1,1
Violência no interior da creche,,1,1
Territorialização - PS,,1,1
Reparo de grupos de sinal de trânsito conflitantes,1,,1
Reclamação de funcionário de empresa contratada - RIOLUZ,,1,1
Outros - Patrimônio imobiliário,,1,1
Processos - Subprefeitura,,1,1
Previ-Bilíngue,,1,1
Renivelamento de tampões,,1,1
Outros - benefícios/auxílios,,1,1
Recadastramento - Pensionista,,1,1
Reversão de aposentadoria,,1,1
"Processos - Clinica Veterinária, Pet Shop - CCZ",,1,1
Vistoria de escavação irregular (aterro irregular em grande quantidade),1,,1
Solicitação de reparo de painéis de trânsito,1,,1
WhatsApp - 1746,,1,1
Táxi,,1,1
Reparo de luminária danificada,1,,1
Rede de saúde de outro município,,1,1
Vias Expressas –  sinalização,,1,1
Qualidade das informações recebidas - CER,,1,1
Vistoria em rolamento de pedra,1,,1
Total Geral,70582,20024,90606